day,time_ET,symbol,setup,grade,entry,stop,t1,rvol,off_high_pct,outcome,scaled_pnl_pct,mae_pct,mfe_pct
2026-07-06,09:36,ONCO,opening_drive,C,1.04,1.01,1.10,13.2,-1.9,target_hit,7.85,-1.92,5.77
2026-07-06,10:05,ONCO,vwap_bounce,A,1.10,1.08,1.17,12.0,-6.0,invalidated,-2.49,-2.73,0.91
2026-07-06,10:46,SEER,hod_break,C,2.31,2.24,,9.1,-0.4,invalidated,-3.29,-3.03,0.87
2026-07-06,10:51,TDTH,opening_range_break,B,1.90,1.85,2.03,13.5,-7.3,target_hit,3.07,0.00,13.68
2026-07-06,10:55,LUCY,opening_range_break,B,1.21,1.17,1.37,3074.9,-1.6,invalidated,-3.54,-4.96,3.31
2026-07-06,11:49,SEER,opening_range_break,B+,2.31,2.28,2.44,6.4,-0.9,invalidated,-1.80,-1.73,0.43
2026-07-07,09:43,SKIN,break_of_structure,C,0.96,0.92,1.11,140.4,-3.0,target_hit,7.27,-1.96,16.64
2026-07-07,09:56,CLRO,opening_range_break,B,9.80,9.54,10.50,20.9,-3.4,invalidated,-2.93,-2.86,0.82
2026-07-07,09:59,SKIN,opening_range_break,B+,1.05,1.00,1.23,206.9,-1.9,invalidated,-4.98,-4.76,3.81
2026-07-07,10:37,SKYQ,opening_range_break,C,2.62,2.57,2.73,1.0,-2.2,invalidated,-2.09,-2.67,1.91
2026-07-08,09:05,WULF,break_of_structure,C,21.01,20.38,22.89,0.3,-0.1,target_hit,8.84,-0.67,9.00
2026-07-08,09:16,PENG,break_of_structure,B,68.02,65.98,72.50,2.0,-0.1,invalidated,-3.97,-5.29,0.56
2026-07-08,09:32,PRME,break_of_structure,B,4.39,4.32,,5.9,-1.6,expired,4.24,-0.46,10.02
2026-07-08,09:34,WULF,opening_drive,C,21.90,21.57,22.89,1.2,-0.3,target_hit,1.97,-0.05,4.57
2026-07-08,09:37,PRME,opening_drive,C,4.57,4.50,4.73,2.3,-0.4,invalidated,-1.80,-1.53,2.41
2026-07-08,09:53,VRXA,opening_range_break,C,3.36,3.30,3.50,2.4,-3.7,invalidated,-2.10,-5.95,3.87
2026-07-08,09:55,SKYQ,opening_range_break,B,3.56,3.51,3.67,3.1,-3.0,target_hit,3.82,-0.84,6.46
2026-07-08,09:58,SKYQ,break_of_structure,B,3.74,3.62,4.00,3.6,-1.3,target_hit,8.49,0.00,8.56
2026-07-08,10:09,VTAK,opening_range_break,C,1.67,1.61,2.00,2.1,-4.0,invalidated,-4.06,-7.78,4.19
2026-07-08,10:37,ELTX,opening_range_break,C,3.22,3.17,3.44,0.6,-1.5,target_hit,7.37,-0.93,8.39
2026-07-08,10:49,MBGL,break_of_structure,C,21.33,21.01,22.00,0.6,-0.2,invalidated,-1.80,-1.59,2.95
2026-07-08,11:24,NVVE,hod_break,B,10.10,9.16,12.00,135.6,-0.9,invalidated,-9.61,-10.89,2.08
2026-07-08,11:34,PENG,opening_range_break,B,74.75,73.63,77.00,2.0,-1.6,target_hit,3.70,-1.38,3.41
2026-07-08,11:39,MBGL,opening_range_break,C,21.82,21.49,22.50,0.6,-0.2,invalidated,-1.80,-1.70,0.64
2026-07-08,11:52,BZH,hod_break,B+,31.61,31.13,33.00,1.9,0.0,invalidated,-1.83,-1.55,1.04
2026-07-08,12:40,BZH,hod_break,C,31.85,31.32,33.00,1.7,0.0,invalidated,-1.95,-1.85,0.28
2026-07-08,13:08,ELTX,hod_break,C,3.59,3.47,4.00,1.1,0.0,invalidated,-3.75,-3.62,1.95
2026-07-08,13:38,NVVE,break_of_structure,C,10.34,9.88,11.50,123.2,-3.2,invalidated,-4.77,-4.64,5.90
2026-07-09,07:42,AEHR,break_of_structure,C,79.60,77.21,86.58,4.1,-0.3,invalidated,-3.97,-4.67,4.95
2026-07-09,09:34,CLRO,opening_drive,C,11.23,10.89,11.98,2.4,-1.7,target_hit,3.02,-1.51,8.90
2026-07-09,09:36,TDTH,opening_drive,C,2.21,2.14,2.39,16.5,-3.9,invalidated,-3.49,-4.07,0.00
2026-07-09,10:17,BJDX,opening_range_break,B,1.58,1.56,1.69,2.1,-1.9,invalidated,-1.80,-1.90,0.00
2026-07-09,10:19,SDOT,opening_range_break,B,32.56,31.15,35.42,2.3,-8.8,invalidated,-4.60,-5.50,0.00
2026-07-09,10:47,JLHL,opening_range_break,B,5.24,4.99,6.00,10.6,-4.2,target_hit,18.35,-2.86,18.70
2026-07-09,10:53,JLHL,break_of_structure,C,5.65,5.33,6.50,11.2,-4.7,target_hit,19.11,-4.42,17.88
2026-07-09,11:41,TDTH,opening_range_break,B,2.34,2.30,2.50,2.1,-1.7,invalidated,-1.91,-2.56,0.00
2026-07-09,11:42,CLRO,break_of_structure,C,12.00,11.75,13.24,0.5,-3.1,invalidated,-2.39,-2.58,0.33
2026-07-09,12:09,AEHR,break_of_structure,C,77.47,76.31,80.00,2.0,-2.3,invalidated,-1.80,-1.64,0.10
2026-07-13,09:32,ONCY,opening_drive,B,0.97,0.96,1.02,20.0,-0.9,target_hit,2.04,0.00,4.69
2026-07-13,09:44,ELPW,break_of_structure,B,16.08,15.62,17.17,27.6,-1.9,invalidated,-3.19,-4.87,1.82
2026-07-13,09:47,AGEN,opening_range_break,B,5.98,5.72,6.64,48.1,-0.3,target_hit,13.71,-0.50,13.21
2026-07-13,09:59,MIMI,opening_range_break,B,3.31,3.19,3.58,10.9,-4.1,invalidated,-3.90,-3.93,2.42
2026-07-13,10:00,AGEN,hod_break,C,7.00,6.40,8.50,48.9,-0.1,target_hit,10.38,-4.43,23.57
2026-07-13,10:01,QTTB,vwap_bounce,B+,18.94,18.30,20.50,117.0,-4.1,invalidated,-3.68,-3.48,0.58
2026-07-13,10:02,SKYQ,opening_range_break,B,4.22,4.10,4.48,2.9,-2.8,invalidated,-3.10,-3.79,1.66
2026-07-13,10:02,LUCY,opening_range_break,C,1.09,1.07,1.15,0.2,0.0,invalidated,-1.80,-3.67,0.00
2026-07-13,10:08,BATL,opening_range_break,B,1.76,1.73,1.83,2.3,-1.1,invalidated,-1.80,-1.70,0.00
2026-07-13,10:09,EHGO,opening_range_break,B,2.22,2.15,2.49,1.3,-2.6,invalidated,-3.28,-3.60,0.45
2026-07-13,10:46,TROO,hod_break,C,2.60,2.48,3.00,1.4,0.0,invalidated,-4.93,-5.77,0.00
2026-07-13,10:50,NVVE,opening_range_break,C,14.15,13.90,15.00,0.4,-2.1,invalidated,-2.07,-2.47,0.00
2026-07-13,12:16,BATL,opening_range_break,C,1.84,1.81,1.91,1.4,-3.7,invalidated,-1.80,-7.61,2.72
2026-07-13,12:28,GFUZ,opening_range_break,C,13.27,12.93,14.00,4.4,-3.0,invalidated,-2.88,-6.48,1.73
2026-07-13,12:57,NVVE,break_of_structure,C,16.64,16.30,17.38,0.4,-4.6,invalidated,-2.34,-6.07,2.52
2026-07-13,13:00,ELPW,opening_range_break,C,16.97,16.53,18.08,5.3,-15.4,invalidated,-2.91,-3.21,2.57
2026-07-13,13:06,QTTB,opening_range_break,C,20.29,19.97,21.19,21.0,-9.8,target_hit,1.91,-0.44,4.58
2026-07-14,04:11,TSEM,hod_break,C,268.80,260.74,291.44,,0.0,invalidated,-3.97,-3.05,3.42
2026-07-14,08:51,FCEL,hod_break,B,21.01,20.38,22.50,1.6,0.0,target_hit,6.80,-2.09,7.85
2026-07-14,09:50,VEEE,break_of_structure,B+,23.80,22.35,28.68,7.6,-2.8,target_hit,19.95,-5.46,22.56
2026-07-14,09:55,OTLK,hod_break,B,1.82,1.76,,2.3,0.0,invalidated,-3.44,-3.30,0.00
2026-07-14,09:58,YYGH,opening_range_break,B,1.38,1.35,1.49,4.0,0.0,invalidated,-2.51,-2.90,0.72
2026-07-14,10:00,GALT,opening_range_break,B+,5.06,4.98,5.37,2.1,-0.8,target_hit,7.09,0.00,7.31
2026-07-14,10:01,KOS,hod_break,C,2.52,2.44,,1.9,-0.4,expired,-1.49,-1.59,3.57
2026-07-14,10:02,VEEE,opening_range_break,B,26.16,24.43,30.32,7.1,-6.5,target_hit,19.99,-1.76,19.88
2026-07-14,10:11,PMVP,opening_range_break,C,1.42,1.40,1.48,7.1,-0.7,invalidated,-1.80,-2.82,0.00
2026-07-14,10:27,GALT,break_of_structure,B,5.35,5.27,5.57,2.8,-1.5,invalidated,-1.87,-1.87,0.56
2026-07-14,10:34,KOS,hod_break,C,2.60,2.53,,1.9,-0.4,invalidated,-2.95,-2.69,0.00
2026-07-14,11:00,WXM,opening_range_break,B,3.50,3.42,3.67,3.7,-1.4,invalidated,-2.52,-4.00,2.57
2026-07-14,11:07,HODO,break_of_structure,C,1.47,1.44,,4.6,-2.0,invalidated,-2.61,-2.72,4.76
2026-07-14,13:07,VTAK,break_of_structure,C,0.69,0.68,0.74,0.3,-0.1,invalidated,-1.80,-1.67,0.00
2026-07-15,05:44,PYPL,hod_break,C,55.60,53.93,,35.3,-0.2,invalidated,-3.97,-3.63,3.85
2026-07-15,06:33,PYPL,hod_break,C,56.51,54.81,,31.2,-0.0,invalidated,-3.97,-3.29,2.18
2026-07-15,09:33,LCID,opening_drive,C,4.94,4.87,5.54,2.7,-1.2,target_hit,14.00,-0.20,12.15
2026-07-15,09:33,KOPN,opening_drive,C,4.27,4.20,4.43,3.5,-3.0,invalidated,-1.95,-1.87,1.41
2026-07-15,09:34,UMAC,opening_drive,B,20.21,19.91,21.94,3.0,-0.1,invalidated,-1.80,-1.53,2.33
2026-07-15,09:35,ERNA,break_of_structure,B,9.80,9.28,11.03,1171.1,-1.0,invalidated,-5.59,-5.71,1.02
2026-07-15,09:38,TRT,opening_drive,C,12.50,12.23,13.12,11.4,-1.5,invalidated,-2.42,-4.00,3.28
2026-07-15,09:44,AIIO,hod_break,B,4.75,4.39,5.50,4.4,-0.2,invalidated,-7.76,-7.79,4.21
2026-07-15,09:47,SOBR,opening_range_break,C,2.38,2.30,2.63,7.1,-9.5,invalidated,-3.64,-6.30,0.84
2026-07-15,09:57,VTAK,opening_range_break,C,0.75,0.73,0.79,2.5,-3.0,invalidated,-2.85,-6.24,0.00
2026-07-15,09:58,AIIO,opening_range_break,C,4.91,4.84,5.50,4.2,-0.4,invalidated,-1.82,-1.83,0.81
2026-07-15,10:36,TGHL,opening_range_break,B,0.96,0.92,1.06,17.8,-1.2,invalidated,-4.08,-6.29,1.20
2026-07-15,11:32,ELVA,break_of_structure,B+,11.78,11.58,12.29,10.4,-4.1,invalidated,-2.03,-1.95,0.00
2026-07-15,13:14,KOPN,break_of_structure,B,4.24,4.18,4.40,1.3,-3.6,invalidated,-1.80,-1.65,1.65
2026-07-16,09:57,DXST,opening_range_break,B+,2.80,2.72,3.00,150.5,-2.1,invalidated,-3.01,-5.00,1.07
2026-07-16,09:58,VEEE,break_of_structure,B,41.60,39.75,47.66,1.5,-2.9,invalidated,-4.73,-6.71,0.00
2026-07-16,09:58,LCID,opening_range_break,C,6.24,6.15,6.53,1.3,-0.8,target_hit,2.02,-1.44,4.65
2026-07-16,10:00,STIM,opening_range_break,C,2.15,2.11,2.31,2.6,-1.8,target_hit,3.41,0.00,7.44
2026-07-16,10:47,LCID,break_of_structure,C,6.69,6.59,,1.5,0.0,invalidated,-1.80,-2.54,2.69
2026-07-16,10:57,SKYQ,break_of_structure,C,3.55,3.50,3.77,0.1,-1.1,target_hit,7.61,0.00,6.76
2026-07-17,07:16,SDOT,break_of_structure,B,20.96,19.91,23.50,71.7,-2.5,target_hit,5.00,-2.72,13.79
2026-07-17,07:54,SDOT,break_of_structure,B,23.60,22.55,25.99,77.1,-2.8,invalidated,-5.40,-8.35,2.53
2026-07-17,09:32,LCID,opening_drive,C,6.71,6.61,,2.7,-0.6,invalidated,-1.80,-1.79,5.96
2026-07-17,09:34,JLHL,break_of_structure,B+,9.94,9.75,10.49,5.5,-2.3,target_hit,6.02,-1.06,7.19
2026-07-17,09:53,SKHU,opening_range_break,B,18.55,18.24,19.36,4.4,0.0,invalidated,-1.96,-1.73,0.22
2026-07-17,09:56,NVVE,opening_range_break,C,8.47,8.27,8.98,0.9,-2.3,target_hit,6.60,0.00,9.68
2026-07-17,10:16,BIYA,opening_range_break,C,4.51,4.36,4.92,0.5,-5.6,invalidated,-3.57,-3.33,0.44
2026-07-17,11:39,LCID,break_of_structure,C,6.89,6.79,7.13,1.3,-3.1,target_hit,4.34,-0.73,3.48
2026-07-17,12:01,SKHU,opening_range_break,B,21.22,20.90,22.30,2.3,-0.1,invalidated,-1.80,-1.93,2.73
2026-07-17,13:13,LEDS,hod_break,C,3.04,2.97,3.50,0.6,0.0,invalidated,-2.69,-2.63,0.33
2026-07-20,04:40,BABA,break_of_structure,C,119.58,115.99,130.33,,-0.0,expired,0.13,-1.40,1.90
2026-07-20,09:32,SLNH,opening_drive,C,1.21,1.19,1.25,4.0,-0.8,target_hit,3.82,-0.83,3.31
2026-07-20,09:32,IREN,break_of_structure,B,36.66,36.11,38.00,8.3,-1.0,target_hit,4.70,0.00,3.82
2026-07-20,09:33,NUAI,opening_drive,C,4.74,4.65,4.93,9.9,-2.3,invalidated,-2.11,-1.90,0.63
2026-07-20,09:35,IREN,opening_drive,C,38.04,37.47,39.50,3.8,-0.1,target_hit,4.84,-0.16,4.44
2026-07-20,09:40,ADVB,break_of_structure,B,6.99,6.69,7.73,1040.1,-3.9,target_hit,12.20,-2.58,12.30
2026-07-20,09:43,STIM,opening_drive,below,1.79,1.76,1.85,2.6,-0.6,target_hit,3.89,0.00,6.15
2026-07-20,09:52,STIM,opening_range_break,C,1.86,1.83,1.92,4.2,-2.1,target_hit,6.13,0.00,3.76
2026-07-20,09:59,ADVB,opening_range_break,C,7.56,7.28,8.24,703.4,-0.9,invalidated,-4.03,-3.97,3.84
2026-07-20,10:16,SLNH,hod_break,C,1.33,1.28,,2.1,0.0,expired,3.45,-1.50,6.77
2026-07-20,11:16,ZYBT,break_of_structure,B,2.16,2.03,2.50,325.6,-4.8,invalidated,-6.42,-6.48,3.24
2026-07-20,11:23,BABA,break_of_structure,C,119.66,117.87,123.47,1.0,-0.1,expired,0.77,-0.02,1.83
2026-07-20,12:27,AMC,hod_break,C,2.43,2.34,,1.5,0.0,invalidated,-3.85,-3.70,0.41
2026-07-20,12:29,NUAI,opening_range_break,C,5.00,4.92,5.24,2.1,-1.2,expired,2.29,-0.60,3.40
2026-07-21,04:06,NBIS,hod_break,C,194.85,189.00,,1.3,-0.1,expired,11.72,-1.24,13.42
2026-07-21,04:59,NBIS,hod_break,A-,196.26,190.37,225.23,1.5,-0.0,expired,10.92,-1.95,12.61
2026-07-21,09:34,AEHR,opening_drive,B,86.83,85.53,89.50,7.5,-0.9,target_hit,5.33,-0.38,3.64
2026-07-21,09:35,SKHU,break_of_structure,B+,20.51,20.20,21.50,8.8,-1.3,target_hit,2.11,0.00,4.83
2026-07-21,09:37,SKHU,opening_drive,B,21.32,21.00,22.00,6.9,0.0,invalidated,-1.80,-1.50,0.05
2026-07-21,09:46,AEHR,break_of_structure,B,91.85,90.47,100.70,2.2,0.0,invalidated,-1.80,-1.89,0.19
2026-07-21,09:47,AGEN,opening_range_break,C,5.12,5.04,5.32,0.2,-1.0,target_hit,4.86,0.00,4.49
2026-07-21,09:54,CRWG,break_of_structure,B,17.98,17.71,18.60,3.9,-0.4,invalidated,-1.80,-1.89,0.28
2026-07-21,10:04,VIVK,opening_range_break,B,8.12,7.35,10.00,9.1,-6.1,invalidated,-9.79,-16.38,18.60
2026-07-21,10:19,AGEN,break_of_structure,C,5.42,5.34,6.00,0.2,0.0,expired,5.22,-1.29,8.86
2026-07-21,10:57,EROC,hod_break,C,12.80,12.56,,0.7,-0.3,expired,3.59,-0.39,8.59
2026-07-21,12:12,CRWG,opening_range_break,C,18.51,18.23,19.30,1.3,-0.2,target_hit,1.83,0.00,4.59
2026-07-22,09:39,SMCX,opening_drive,B+,8.79,8.65,9.16,6.8,-0.9,target_hit,4.75,-0.11,4.21
2026-07-22,09:43,SMCI,opening_drive,B,30.48,30.02,31.50,18.7,-0.6,target_hit,3.91,-0.13,3.67
2026-07-22,09:50,INLF,opening_range_break,B+,3.89,3.79,4.42,9.1,-3.5,invalidated,-2.85,-11.05,0.26
2026-07-22,09:50,SMCX,hod_break,B+,9.21,8.98,10.00,3.7,-0.4,invalidated,-2.77,-2.61,7.27
2026-07-22,10:16,BIYA,break_of_structure,C,3.72,3.66,4.00,0.1,-1.8,target_hit,3.52,-0.81,9.68
2026-07-22,10:22,SMCI,hod_break,A-,31.70,30.82,33.81,10.5,-0.3,invalidated,-3.06,-2.84,1.83
2026-07-22,11:42,OTLY,break_of_structure,C,12.40,12.21,,4.2,-0.2,invalidated,-1.80,-1.61,0.00
2026-07-22,13:14,PN,break_of_structure,C,5.05,4.97,5.30,8.6,0.0,invalidated,-1.84,-2.13,1.39
2026-07-23,09:38,BATL,opening_drive,below,1.71,1.68,,3.6,0.0,invalidated,-1.80,-2.34,0.58
2026-07-23,10:31,ADVB,opening_range_break,C,18.48,17.56,20.50,1.1,-11.5,invalidated,-5.29,-6.33,7.74
2026-07-23,11:18,NVEC,opening_range_break,C,127.24,125.33,144.50,1.4,-1.1,expired,6.09,-0.94,7.20
2026-07-23,12:10,NVEC,hod_break,C,132.40,129.97,,1.4,-0.1,invalidated,-2.13,-2.04,0.19
2026-07-23,12:52,SKYQ,opening_range_break,C,5.55,5.47,6.35,0.8,-11.5,invalidated,-1.80,-2.52,11.89
2026-07-23,13:15,BATL,opening_range_break,C,1.76,1.73,1.82,1.3,-2.8,target_hit,1.40,-1.14,3.41
2026-07-24,07:12,SKYQ,break_of_structure,B,6.33,6.14,7.00,2.1,-1.9,invalidated,-3.97,-3.79,1.58
2026-07-27,09:37,VEEE,opening_drive,below,18.49,17.78,20.00,1.7,-3.5,invalidated,-4.15,-4.65,3.84
2026-07-27,13:18,WLDS,opening_range_break,C,3.95,3.87,4.33,0.6,-1.2,invalidated,-2.35,-3.29,1.27
2026-07-27,13:28,NXTC,break_of_structure,C,5.51,5.42,5.71,0.1,-0.7,invalidated,-1.80,-1.91,0.00
2026-07-28,04:17,EHGO,break_of_structure,B,2.54,2.46,2.84,41.9,-4.2,invalidated,-4.21,-7.87,0.00
2026-07-28,10:09,LCID,opening_range_break,C,6.71,6.61,6.96,0.6,0.0,invalidated,-1.80,-2.09,1.64
2026-07-28,10:54,PMN,opening_range_break,B,14.50,14.26,15.00,6.0,-2.6,target_hit,1.42,-0.76,3.45
2026-07-28,11:41,PMN,hod_break,C,16.80,15.72,,4.7,0.0,invalidated,-6.73,-6.67,2.32
2026-07-28,13:37,LCID,hod_break,C,6.97,6.76,7.79,0.5,0.0,target_hit,10.79,0.00,12.20
2026-07-29,08:25,VIVK,break_of_structure,B,2.84,2.72,3.50,8.0,-3.4,invalidated,-5.25,-5.63,4.93
2026-07-29,09:31,VRRM,break_of_structure,B,5.74,5.65,5.99,41.6,-4.0,invalidated,-1.83,-4.53,0.00
2026-07-29,09:34,OTLK,opening_drive,B,0.93,0.92,0.97,2.5,-0.9,target_hit,5.76,0.00,5.38
2026-07-29,09:36,BRAI,opening_drive,C,7.34,7.11,7.92,31.2,-2.1,invalidated,-3.42,-3.68,2.86
2026-07-29,09:47,OTLK,opening_range_break,C,1.12,1.10,1.17,1.8,0.0,invalidated,-2.25,-9.82,0.00
2026-07-29,10:00,SKYQ,break_of_structure,B+,4.31,4.23,4.59,1.9,-4.4,invalidated,-2.04,-2.32,0.46
2026-07-29,10:06,STFS,opening_range_break,B,5.91,5.52,7.00,110.1,-3.7,invalidated,-6.88,-12.18,3.55
2026-07-29,10:14,CLW,opening_range_break,B,21.31,20.99,22.00,10.7,-0.4,invalidated,-1.80,-1.64,0.00
2026-07-29,11:02,BATL,opening_range_break,C,1.49,1.47,1.54,1.2,0.0,invalidated,-1.80,-2.01,0.00
2026-07-29,13:18,CLW,break_of_structure,C,21.75,21.42,,5.5,0.0,invalidated,-1.80,-1.56,1.52
2026-07-30,04:30,NBIS,break_of_structure,A-,151.20,146.66,168.37,18.7,-0.4,target_hit,12.10,0.00,11.72
2026-07-30,05:16,NBIS,break_of_structure,A-,154.25,149.62,168.36,10.7,-0.4,target_hit,9.88,-0.19,9.51
2026-07-30,07:48,CMCO,hod_break,C,18.73,17.90,,20.4,-0.4,expired,8.89,-2.51,13.77
2026-07-30,08:22,BE,break_of_structure,C,178.05,172.71,189.50,0.7,-0.0,target_hit,6.79,-0.59,6.71
2026-07-30,08:25,PN,break_of_structure,B,16.88,15.69,19.50,9.7,-3.3,invalidated,-7.98,-10.43,7.41
2026-07-30,09:11,CRWG,break_of_structure,B+,13.12,12.73,14.00,2.1,-0.2,target_hit,6.57,-1.45,7.47
2026-07-30,09:13,CMCO,hod_break,C,19.06,18.49,,42.9,-1.2,expired,7.00,-1.36,11.80
2026-07-30,09:32,CRWG,opening_drive,C,13.76,13.55,14.29,16.2,-2.4,invalidated,-1.80,-2.11,0.00
2026-07-30,09:32,IREN,opening_drive,C,33.53,33.03,34.80,3.0,-0.6,target_hit,5.27,-0.39,4.21
2026-07-30,09:33,NUWE,opening_drive,C,6.02,5.81,6.50,53.7,-2.6,invalidated,-3.74,-11.30,0.17
2026-07-30,09:33,BE,opening_drive,B+,189.62,186.78,229.90,3.9,-0.7,expired,15.16,-0.39,16.75
2026-07-30,09:33,FCEL,opening_drive,B,20.29,19.99,20.90,2.1,0.0,target_hit,4.17,-0.44,3.84
2026-07-30,09:35,SKHU,opening_drive,C,14.12,13.91,15.00,5.4,-0.1,invalidated,-1.80,-2.34,1.49
2026-07-30,09:45,BRUN,break_of_structure,C,18.19,17.92,19.00,1.9,0.0,invalidated,-1.80,-2.36,0.00
2026-07-30,09:49,IREN,hod_break,B,36.13,35.24,38.00,2.6,-0.5,target_hit,6.24,-0.58,5.54
2026-07-30,09:59,INLF,opening_range_break,C,5.14,5.03,5.40,0.7,-0.6,target_hit,5.71,-1.36,7.00
2026-07-30,12:04,BRUN,opening_range_break,C,18.53,18.25,20.12,1.0,-1.9,target_hit,7.93,-0.59,9.01
2026-07-30,12:57,FCEL,hod_break,C,23.04,22.65,,1.0,-0.1,expired,2.56,-0.91,3.13
2026-07-31,05:56,REPL,break_of_structure,B,12.06,11.70,13.00,41.1,-1.7,target_hit,2.86,-0.50,7.79
2026-07-31,06:46,REPL,break_of_structure,B+,12.77,12.39,14.00,58.0,-2.7,invalidated,-3.97,-3.29,2.59
2026-07-31,09:33,SKHU,opening_drive,C,18.77,18.49,19.41,10.7,-1.3,invalidated,-1.80,-3.62,1.23
2026-07-31,10:28,TGHL,opening_range_break,C,1.06,1.03,1.23,0.7,-4.5,invalidated,-3.18,-4.72,7.55
2026-07-31,11:56,SHPH,opening_range_break,C,3.21,3.16,4.00,0.1,-1.2,target_hit,16.30,0.00,25.23
2026-07-31,12:04,FCUV,opening_range_break,C,12.95,12.29,14.60,242.9,-26.4,invalidated,-5.36,-8.88,0.39